image_path,label,provenance
C:\Users\HP\OneDrive\Desktop\catalyze v.2\data\raw\crawford\images\00000237_016.jpg,PLAYFUL,ai
C:\Users\HP\OneDrive\Desktop\catalyze v.2\data\raw\crawford\images\00000059_004.jpg,ANXIOUS,ai
C:\Users\HP\OneDrive\Desktop\catalyze v.2\data\raw\crawford\images\00000634_007.jpg,ANXIOUS,ai
C:\Users\HP\OneDrive\Desktop\catalyze v.2\data\raw\crawford\images\00000575_001.jpg,RELAXED,ai
C:\Users\HP\OneDrive\Desktop\catalyze v.2\data\raw\crawford\images\00000533_023.jpg,ALERT,ai
C:\Users\HP\OneDrive\Desktop\catalyze v.2\data\raw\crawford\images\00000298_014.jpg,RELAXED,ai
C:\Users\HP\OneDrive\Desktop\catalyze v.2\data\raw\crawford\images\00000219_014.jpg,ALERT,ai
C:\Users\HP\OneDrive\Desktop\catalyze v.2\data\raw\crawford\images\00001348_005.jpg,ALERT,ai
C:\Users\HP\OneDrive\Desktop\catalyze v.2\data\raw\crawford\images\00000189_022.jpg,ALERT,ai
C:\Users\HP\OneDrive\Desktop\catalyze v.2\data\raw\crawford\images\00001455_022.jpg,RELAXED,ai
C:\Users\HP\OneDrive\Desktop\catalyze v.2\data\raw\crawford\images\00001051_005.jpg,RELAXED,ai
C:\Users\HP\OneDrive\Desktop\catalyze v.2\data\raw\crawford\images\00000074_001.jpg,RELAXED,ai
C:\Users\HP\OneDrive\Desktop\catalyze v.2\data\raw\crawford\images\00000068_028.jpg,RELAXED,ai
C:\Users\HP\OneDrive\Desktop\catalyze v.2\data\raw\crawford\images\00000201_011.jpg,ALERT,ai
C:\Users\HP\OneDrive\Desktop\catalyze v.2\data\raw\crawford\images\00000525_012.jpg,ANXIOUS,ai
C:\Users\HP\OneDrive\Desktop\catalyze v.2\data\raw\crawford\images\00000551_009.jpg,RELAXED,ai
C:\Users\HP\OneDrive\Desktop\catalyze v.2\data\raw\crawford\images\00001242_020.jpg,RELAXED,ai
C:\Users\HP\OneDrive\Desktop\catalyze v.2\data\raw\crawford\images\00001482_017.jpg,ALERT,ai
C:\Users\HP\OneDrive\Desktop\catalyze v.2\data\raw\crawford\images\00000061_004.jpg,ALERT,ai
C:\Users\HP\OneDrive\Desktop\catalyze v.2\data\raw\crawford\images\00001390_015.jpg,ALERT,ai
C:\Users\HP\OneDrive\Desktop\catalyze v.2\data\raw\crawford\images\00000447_018.jpg,RELAXED,ai
C:\Users\HP\OneDrive\Desktop\catalyze v.2\data\raw\crawford\images\00001346_028.jpg,ALERT,ai
C:\Users\HP\OneDrive\Desktop\catalyze v.2\data\raw\crawford\images\00001045_029.jpg,ALERT,ai
C:\Users\HP\OneDrive\Desktop\catalyze v.2\data\raw\crawford\images\00000528_018.jpg,ANXIOUS,ai
C:\Users\HP\OneDrive\Desktop\catalyze v.2\data\raw\crawford\images\00001109_021.jpg,RELAXED,ai
C:\Users\HP\OneDrive\Desktop\catalyze v.2\data\raw\crawford\images\00001453_001.jpg,ALERT,ai
C:\Users\HP\OneDrive\Desktop\catalyze v.2\data\raw\crawford\images\00000639_026.jpg,RELAXED,ai
C:\Users\HP\OneDrive\Desktop\catalyze v.2\data\raw\crawford\images\00000013_021.jpg,ALERT,ai
C:\Users\HP\OneDrive\Desktop\catalyze v.2\data\raw\crawford\images\00000349_022.jpg,ALERT,ai
C:\Users\HP\OneDrive\Desktop\catalyze v.2\data\raw\crawford\images\00001052_007.jpg,ALERT,ai
C:\Users\HP\OneDrive\Desktop\catalyze v.2\data\raw\crawford\images\00000861_001.jpg,RELAXED,ai
C:\Users\HP\OneDrive\Desktop\catalyze v.2\data\raw\crawford\images\00000638_021.jpg,RELAXED,ai
C:\Users\HP\OneDrive\Desktop\catalyze v.2\data\raw\crawford\images\00000340_014.jpg,ALERT,ai
C:\Users\HP\OneDrive\Desktop\catalyze v.2\data\raw\crawford\images\00000519_020.jpg,RELAXED,ai
C:\Users\HP\OneDrive\Desktop\catalyze v.2\data\raw\crawford\images\00000853_019.jpg,ALERT,ai
C:\Users\HP\OneDrive\Desktop\catalyze v.2\data\raw\crawford\images\00000219_001.jpg,ALERT,ai
C:\Users\HP\OneDrive\Desktop\catalyze v.2\data\raw\crawford\images\00000199_013.jpg,RELAXED,ai
C:\Users\HP\OneDrive\Desktop\catalyze v.2\data\raw\crawford\images\00000948_025.jpg,RELAXED,ai
C:\Users\HP\OneDrive\Desktop\catalyze v.2\data\raw\crawford\images\00000209_004.jpg,RELAXED,ai
C:\Users\HP\OneDrive\Desktop\catalyze v.2\data\raw\crawford\images\00000899_014.jpg,RELAXED,ai
C:\Users\HP\OneDrive\Desktop\catalyze v.2\data\raw\crawford\images\00000867_010.jpg,ALERT,ai
C:\Users\HP\OneDrive\Desktop\catalyze v.2\data\raw\crawford\images\00001486_011.jpg,ALERT,ai
C:\Users\HP\OneDrive\Desktop\catalyze v.2\data\raw\crawford\images\00000613_009.jpg,ANXIOUS,ai
C:\Users\HP\OneDrive\Desktop\catalyze v.2\data\raw\crawford\images\00000104_024.jpg,ALERT,ai
C:\Users\HP\OneDrive\Desktop\catalyze v.2\data\raw\crawford\images\00001136_027.jpg,RELAXED,ai
C:\Users\HP\OneDrive\Desktop\catalyze v.2\data\raw\crawford\images\00001322_017.jpg,RELAXED,ai
C:\Users\HP\OneDrive\Desktop\catalyze v.2\data\raw\crawford\images\00000265_014.jpg,ALERT,ai
C:\Users\HP\OneDrive\Desktop\catalyze v.2\data\raw\crawford\images\00000945_013.jpg,ANXIOUS,ai
C:\Users\HP\OneDrive\Desktop\catalyze v.2\data\raw\crawford\images\00000173_022.jpg,PLAYFUL,ai
C:\Users\HP\OneDrive\Desktop\catalyze v.2\data\raw\crawford\images\00001367_005.jpg,ALERT,ai
C:\Users\HP\OneDrive\Desktop\catalyze v.2\data\raw\crawford\images\00000666_016.jpg,ALERT,ai
C:\Users\HP\OneDrive\Desktop\catalyze v.2\data\raw\crawford\images\00000904_029.jpg,RELAXED,ai
C:\Users\HP\OneDrive\Desktop\catalyze v.2\data\raw\crawford\images\00001425_014.jpg,ALERT,ai
C:\Users\HP\OneDrive\Desktop\catalyze v.2\data\raw\crawford\images\00000432_013.jpg,ALERT,ai
C:\Users\HP\OneDrive\Desktop\catalyze v.2\data\raw\crawford\images\00000154_028.jpg,PLAYFUL,ai
C:\Users\HP\OneDrive\Desktop\catalyze v.2\data\raw\crawford\images\00000109_016.jpg,RELAXED,ai
C:\Users\HP\OneDrive\Desktop\catalyze v.2\data\raw\crawford\images\00000541_016.jpg,RELAXED,ai
C:\Users\HP\OneDrive\Desktop\catalyze v.2\data\raw\crawford\images\00000658_016.jpg,RELAXED,ai
C:\Users\HP\OneDrive\Desktop\catalyze v.2\data\raw\crawford\images\00000175_012.jpg,ALERT,ai
C:\Users\HP\OneDrive\Desktop\catalyze v.2\data\raw\crawford\images\00000551_015.jpg,ALERT,ai
C:\Users\HP\OneDrive\Desktop\catalyze v.2\data\raw\crawford\images\00000216_020.jpg,RELAXED,ai
C:\Users\HP\OneDrive\Desktop\catalyze v.2\data\raw\crawford\images\00000949_005.jpg,ALERT,ai
C:\Users\HP\OneDrive\Desktop\catalyze v.2\data\raw\crawford\images\00000638_029.jpg,PLAYFUL,ai
C:\Users\HP\OneDrive\Desktop\catalyze v.2\data\raw\crawford\images\00001121_016.jpg,RELAXED,ai
C:\Users\HP\OneDrive\Desktop\catalyze v.2\data\raw\crawford\images\00000912_014.jpg,RELAXED,ai
C:\Users\HP\OneDrive\Desktop\catalyze v.2\data\raw\crawford\images\00000356_013.jpg,ALERT,ai
C:\Users\HP\OneDrive\Desktop\catalyze v.2\data\raw\crawford\images\00000926_027.jpg,ALERT,ai
C:\Users\HP\OneDrive\Desktop\catalyze v.2\data\raw\crawford\images\00000890_010.jpg,RELAXED,ai
C:\Users\HP\OneDrive\Desktop\catalyze v.2\data\raw\crawford\images\00000509_005.jpg,RELAXED,ai
C:\Users\HP\OneDrive\Desktop\catalyze v.2\data\raw\crawford\images\00000618_004.jpg,RELAXED,ai
C:\Users\HP\OneDrive\Desktop\catalyze v.2\data\raw\crawford\images\00000159_018.jpg,ANXIOUS,ai
C:\Users\HP\OneDrive\Desktop\catalyze v.2\data\raw\crawford\images\00001498_015.jpg,RELAXED,ai
C:\Users\HP\OneDrive\Desktop\catalyze v.2\data\raw\crawford\images\00000376_025.jpg,ALERT,ai
C:\Users\HP\OneDrive\Desktop\catalyze v.2\data\raw\crawford\images\00001317_008.jpg,RELAXED,ai
C:\Users\HP\OneDrive\Desktop\catalyze v.2\data\raw\crawford\images\00000574_018.jpg,ALERT,ai
C:\Users\HP\OneDrive\Desktop\catalyze v.2\data\raw\crawford\images\00000358_014.jpg,ALERT,ai
C:\Users\HP\OneDrive\Desktop\catalyze v.2\data\raw\crawford\images\00001143_010.jpg,ALERT,ai
C:\Users\HP\OneDrive\Desktop\catalyze v.2\data\raw\crawford\images\00000948_000.jpg,RELAXED,ai
C:\Users\HP\OneDrive\Desktop\catalyze v.2\data\raw\crawford\images\00000623_027.jpg,ALERT,ai
C:\Users\HP\OneDrive\Desktop\catalyze v.2\data\raw\crawford\images\00001379_017.jpg,ANXIOUS,ai
C:\Users\HP\OneDrive\Desktop\catalyze v.2\data\raw\crawford\images\00000526_027.jpg,PLAYFUL,ai
C:\Users\HP\OneDrive\Desktop\catalyze v.2\data\raw\crawford\images\00000828_016.jpg,RELAXED,ai
C:\Users\HP\OneDrive\Desktop\catalyze v.2\data\raw\crawford\images\00000131_002.jpg,RELAXED,ai
C:\Users\HP\OneDrive\Desktop\catalyze v.2\data\raw\crawford\images\00000543_019.jpg,RELAXED,ai
C:\Users\HP\OneDrive\Desktop\catalyze v.2\data\raw\crawford\images\00000075_004.jpg,RELAXED,ai
C:\Users\HP\OneDrive\Desktop\catalyze v.2\data\raw\crawford\images\00000810_028.jpg,RELAXED,ai
C:\Users\HP\OneDrive\Desktop\catalyze v.2\data\raw\crawford\images\00001001_029.jpg,ANXIOUS,ai
C:\Users\HP\OneDrive\Desktop\catalyze v.2\data\raw\crawford\images\00000619_015.jpg,ALERT,ai
C:\Users\HP\OneDrive\Desktop\catalyze v.2\data\raw\crawford\images\00000149_004.jpg,ALERT,ai
C:\Users\HP\OneDrive\Desktop\catalyze v.2\data\raw\crawford\images\00000511_024.jpg,ALERT,ai
C:\Users\HP\OneDrive\Desktop\catalyze v.2\data\raw\crawford\images\00001403_019.jpg,ANXIOUS,ai
C:\Users\HP\OneDrive\Desktop\catalyze v.2\data\raw\crawford\images\00000808_027.jpg,ANXIOUS,ai
C:\Users\HP\OneDrive\Desktop\catalyze v.2\data\raw\crawford\images\00000515_006.jpg,PLAYFUL,ai
C:\Users\HP\OneDrive\Desktop\catalyze v.2\data\raw\crawford\images\00001228_025.jpg,RELAXED,ai
C:\Users\HP\OneDrive\Desktop\catalyze v.2\data\raw\crawford\images\00000988_002.jpg,RELAXED,ai
C:\Users\HP\OneDrive\Desktop\catalyze v.2\data\raw\crawford\images\00001134_018.jpg,RELAXED,ai
C:\Users\HP\OneDrive\Desktop\catalyze v.2\data\raw\crawford\images\00000307_017.jpg,RELAXED,ai
C:\Users\HP\OneDrive\Desktop\catalyze v.2\data\raw\crawford\images\00000614_006.jpg,RELAXED,ai
C:\Users\HP\OneDrive\Desktop\catalyze v.2\data\raw\crawford\images\00000298_022.jpg,ANXIOUS,ai
C:\Users\HP\OneDrive\Desktop\catalyze v.2\data\raw\crawford\images\00000578_011.jpg,PLAYFUL,ai
C:\Users\HP\OneDrive\Desktop\catalyze v.2\data\raw\crawford\images\00001390_023.jpg,ALERT,ai
C:\Users\HP\OneDrive\Desktop\catalyze v.2\data\raw\crawford\images\00001329_021.jpg,ALERT,ai
C:\Users\HP\OneDrive\Desktop\catalyze v.2\data\raw\crawford\images\00000610_002.jpg,ALERT,ai
C:\Users\HP\OneDrive\Desktop\catalyze v.2\data\raw\crawford\images\00001441_023.jpg,RELAXED,ai
C:\Users\HP\OneDrive\Desktop\catalyze v.2\data\raw\crawford\images\00001063_022.jpg,RELAXED,ai
C:\Users\HP\OneDrive\Desktop\catalyze v.2\data\raw\crawford\images\00001439_021.jpg,ALERT,ai
C:\Users\HP\OneDrive\Desktop\catalyze v.2\data\raw\crawford\images\00000998_001.jpg,ANXIOUS,ai
C:\Users\HP\OneDrive\Desktop\catalyze v.2\data\raw\crawford\images\00000905_013.jpg,PLAYFUL,ai
C:\Users\HP\OneDrive\Desktop\catalyze v.2\data\raw\crawford\images\00000526_005.jpg,ALERT,ai
C:\Users\HP\OneDrive\Desktop\catalyze v.2\data\raw\crawford\images\00000296_013.jpg,RELAXED,ai
C:\Users\HP\OneDrive\Desktop\catalyze v.2\data\raw\crawford\images\00001252_026.jpg,RELAXED,ai
C:\Users\HP\OneDrive\Desktop\catalyze v.2\data\raw\crawford\images\00001215_010.jpg,RELAXED,ai
C:\Users\HP\OneDrive\Desktop\catalyze v.2\data\raw\crawford\images\00000196_010.jpg,ALERT,ai
C:\Users\HP\OneDrive\Desktop\catalyze v.2\data\raw\crawford\images\00000111_026.jpg,RELAXED,ai
C:\Users\HP\OneDrive\Desktop\catalyze v.2\data\raw\crawford\images\00000234_019.jpg,ALERT,ai
C:\Users\HP\OneDrive\Desktop\catalyze v.2\data\raw\crawford\images\00000334_001.jpg,ALERT,ai
C:\Users\HP\OneDrive\Desktop\catalyze v.2\data\raw\crawford\images\00000350_020.jpg,RELAXED,ai
C:\Users\HP\OneDrive\Desktop\catalyze v.2\data\raw\crawford\images\00001051_015.jpg,ALERT,ai
C:\Users\HP\OneDrive\Desktop\catalyze v.2\data\raw\crawford\images\00001469_025.jpg,ALERT,ai
C:\Users\HP\OneDrive\Desktop\catalyze v.2\data\raw\crawford\images\00000143_013.jpg,PLAYFUL,ai
C:\Users\HP\OneDrive\Desktop\catalyze v.2\data\raw\crawford\images\00000960_023.jpg,ALERT,ai
C:\Users\HP\OneDrive\Desktop\catalyze v.2\data\raw\crawford\images\00000952_007.jpg,PLAYFUL,ai
C:\Users\HP\OneDrive\Desktop\catalyze v.2\data\raw\crawford\images\00001468_025.jpg,ALERT,ai
C:\Users\HP\OneDrive\Desktop\catalyze v.2\data\raw\crawford\images\00001157_011.jpg,ALERT,ai
C:\Users\HP\OneDrive\Desktop\catalyze v.2\data\raw\crawford\images\00001303_015.jpg,RELAXED,ai
C:\Users\HP\OneDrive\Desktop\catalyze v.2\data\raw\crawford\images\00000587_000.jpg,ANXIOUS,ai
C:\Users\HP\OneDrive\Desktop\catalyze v.2\data\raw\crawford\images\00001370_000.jpg,PLAYFUL,ai
C:\Users\HP\OneDrive\Desktop\catalyze v.2\data\raw\crawford\images\00000024_008.jpg,ALERT,ai
C:\Users\HP\OneDrive\Desktop\catalyze v.2\data\raw\crawford\images\00000244_015.jpg,RELAXED,ai
C:\Users\HP\OneDrive\Desktop\catalyze v.2\data\raw\crawford\images\00001324_005.jpg,ALERT,ai
C:\Users\HP\OneDrive\Desktop\catalyze v.2\data\raw\crawford\images\00000617_026.jpg,RELAXED,ai
C:\Users\HP\OneDrive\Desktop\catalyze v.2\data\raw\crawford\images\00000860_027.jpg,ALERT,ai
C:\Users\HP\OneDrive\Desktop\catalyze v.2\data\raw\crawford\images\00000237_021.jpg,ALERT,ai
C:\Users\HP\OneDrive\Desktop\catalyze v.2\data\raw\crawford\images\00000666_027.jpg,ALERT,ai
C:\Users\HP\OneDrive\Desktop\catalyze v.2\data\raw\crawford\images\00001076_014.jpg,RELAXED,ai
C:\Users\HP\OneDrive\Desktop\catalyze v.2\data\raw\crawford\images\00000346_010.jpg,PLAYFUL,ai
C:\Users\HP\OneDrive\Desktop\catalyze v.2\data\raw\crawford\images\00001122_020.jpg,RELAXED,ai
C:\Users\HP\OneDrive\Desktop\catalyze v.2\data\raw\crawford\images\00000007_008.jpg,ALERT,ai
C:\Users\HP\OneDrive\Desktop\catalyze v.2\data\raw\crawford\images\00000611_014.jpg,RELAXED,ai
C:\Users\HP\OneDrive\Desktop\catalyze v.2\data\raw\crawford\images\00001231_019.jpg,ALERT,ai
C:\Users\HP\OneDrive\Desktop\catalyze v.2\data\raw\crawford\images\00000395_016.jpg,ALERT,ai
C:\Users\HP\OneDrive\Desktop\catalyze v.2\data\raw\crawford\images\00001247_025.jpg,PLAYFUL,ai
C:\Users\HP\OneDrive\Desktop\catalyze v.2\data\raw\crawford\images\00000228_017.jpg,RELAXED,ai
C:\Users\HP\OneDrive\Desktop\catalyze v.2\data\raw\crawford\images\00000676_008.jpg,ALERT,ai
C:\Users\HP\OneDrive\Desktop\catalyze v.2\data\raw\crawford\images\00001498_008.jpg,RELAXED,ai
C:\Users\HP\OneDrive\Desktop\catalyze v.2\data\raw\crawford\images\00000447_019.jpg,ALERT,ai
C:\Users\HP\OneDrive\Desktop\catalyze v.2\data\raw\crawford\images\00000935_001.jpg,RELAXED,ai
C:\Users\HP\OneDrive\Desktop\catalyze v.2\data\raw\crawford\images\00000354_008.jpg,ANXIOUS,ai
C:\Users\HP\OneDrive\Desktop\catalyze v.2\data\raw\crawford\images\00001330_021.jpg,RELAXED,ai
C:\Users\HP\OneDrive\Desktop\catalyze v.2\data\raw\crawford\images\00001308_020.jpg,RELAXED,ai
C:\Users\HP\OneDrive\Desktop\catalyze v.2\data\raw\crawford\images\00000001_027.jpg,PLAYFUL,ai
C:\Users\HP\OneDrive\Desktop\catalyze v.2\data\raw\crawford\images\00001475_013.jpg,ALERT,ai
C:\Users\HP\OneDrive\Desktop\catalyze v.2\data\raw\crawford\images\00000828_006.jpg,ALERT,ai
C:\Users\HP\OneDrive\Desktop\catalyze v.2\data\raw\crawford\images\00001203_028.jpg,RELAXED,ai
C:\Users\HP\OneDrive\Desktop\catalyze v.2\data\raw\crawford\images\00000043_021.jpg,ALERT,ai
C:\Users\HP\OneDrive\Desktop\catalyze v.2\data\raw\crawford\images\00000238_006.jpg,ALERT,ai
C:\Users\HP\OneDrive\Desktop\catalyze v.2\data\raw\crawford\images\00000908_002.jpg,RELAXED,ai
C:\Users\HP\OneDrive\Desktop\catalyze v.2\data\raw\crawford\images\00000694_015.jpg,ALERT,ai
C:\Users\HP\OneDrive\Desktop\catalyze v.2\data\raw\crawford\images\00000564_014.jpg,ALERT,ai
C:\Users\HP\OneDrive\Desktop\catalyze v.2\data\raw\crawford\images\00000134_009.jpg,RELAXED,ai
C:\Users\HP\OneDrive\Desktop\catalyze v.2\data\raw\crawford\images\00000566_025.jpg,ALERT,ai
C:\Users\HP\OneDrive\Desktop\catalyze v.2\data\raw\crawford\images\00001404_010.jpg,RELAXED,ai
C:\Users\HP\OneDrive\Desktop\catalyze v.2\data\raw\crawford\images\00000173_020.jpg,ALERT,ai
C:\Users\HP\OneDrive\Desktop\catalyze v.2\data\raw\crawford\images\00000187_013.jpg,ALERT,ai
C:\Users\HP\OneDrive\Desktop\catalyze v.2\data\raw\crawford\images\00001199_012.jpg,ALERT,ai
C:\Users\HP\OneDrive\Desktop\catalyze v.2\data\raw\crawford\images\00000154_009.jpg,ANXIOUS,ai
C:\Users\HP\OneDrive\Desktop\catalyze v.2\data\raw\crawford\images\00001313_022.jpg,ALERT,ai
C:\Users\HP\OneDrive\Desktop\catalyze v.2\data\raw\crawford\images\00000267_000.jpg,RELAXED,ai
C:\Users\HP\OneDrive\Desktop\catalyze v.2\data\raw\crawford\images\00000273_013.jpg,ALERT,ai
C:\Users\HP\OneDrive\Desktop\catalyze v.2\data\raw\crawford\images\00001173_028.jpg,PLAYFUL,ai
C:\Users\HP\OneDrive\Desktop\catalyze v.2\data\raw\crawford\images\00001361_001.jpg,RELAXED,ai
C:\Users\HP\OneDrive\Desktop\catalyze v.2\data\raw\crawford\images\00000362_016.jpg,RELAXED,ai
C:\Users\HP\OneDrive\Desktop\catalyze v.2\data\raw\crawford\images\00000614_014.jpg,RELAXED,ai
C:\Users\HP\OneDrive\Desktop\catalyze v.2\data\raw\crawford\images\00001298_015.jpg,ALERT,ai
C:\Users\HP\OneDrive\Desktop\catalyze v.2\data\raw\crawford\images\00001492_014.jpg,RELAXED,ai
C:\Users\HP\OneDrive\Desktop\catalyze v.2\data\raw\crawford\images\00001053_017.jpg,RELAXED,ai
C:\Users\HP\OneDrive\Desktop\catalyze v.2\data\raw\crawford\images\00000514_000.jpg,ALERT,ai
C:\Users\HP\OneDrive\Desktop\catalyze v.2\data\raw\crawford\images\00001330_017.jpg,RELAXED,ai
C:\Users\HP\OneDrive\Desktop\catalyze v.2\data\raw\crawford\images\00000452_021.jpg,ALERT,ai
C:\Users\HP\OneDrive\Desktop\catalyze v.2\data\raw\crawford\images\00000803_028.jpg,RELAXED,ai
C:\Users\HP\OneDrive\Desktop\catalyze v.2\data\raw\crawford\images\00000996_013.jpg,ALERT,ai
C:\Users\HP\OneDrive\Desktop\catalyze v.2\data\raw\crawford\images\00000933_026.jpg,ALERT,ai
C:\Users\HP\OneDrive\Desktop\catalyze v.2\data\raw\crawford\images\00001084_012.jpg,ALERT,ai
C:\Users\HP\OneDrive\Desktop\catalyze v.2\data\raw\crawford\images\00001273_001.jpg,ALERT,ai
C:\Users\HP\OneDrive\Desktop\catalyze v.2\data\raw\crawford\images\00001115_008.jpg,ALERT,ai
C:\Users\HP\OneDrive\Desktop\catalyze v.2\data\raw\crawford\images\00000257_017.jpg,ALERT,ai
C:\Users\HP\OneDrive\Desktop\catalyze v.2\data\raw\crawford\images\00000581_000.jpg,PLAYFUL,ai
C:\Users\HP\OneDrive\Desktop\catalyze v.2\data\raw\crawford\images\00000536_007.jpg,ALERT,ai
C:\Users\HP\OneDrive\Desktop\catalyze v.2\data\raw\crawford\images\00000144_021.jpg,RELAXED,ai
C:\Users\HP\OneDrive\Desktop\catalyze v.2\data\raw\crawford\images\00000856_003.jpg,ALERT,ai
C:\Users\HP\OneDrive\Desktop\catalyze v.2\data\raw\crawford\images\00000048_014.jpg,RELAXED,ai
C:\Users\HP\OneDrive\Desktop\catalyze v.2\data\raw\crawford\images\00001450_013.jpg,PLAYFUL,ai
C:\Users\HP\OneDrive\Desktop\catalyze v.2\data\raw\crawford\images\00001372_005.jpg,ALERT,ai
C:\Users\HP\OneDrive\Desktop\catalyze v.2\data\raw\crawford\images\00000546_018.jpg,ALERT,ai
C:\Users\HP\OneDrive\Desktop\catalyze v.2\data\raw\crawford\images\00001450_022.jpg,RELAXED,ai
C:\Users\HP\OneDrive\Desktop\catalyze v.2\data\raw\crawford\images\00000528_002.jpg,ALERT,ai
C:\Users\HP\OneDrive\Desktop\catalyze v.2\data\raw\crawford\images\00000015_018.jpg,RELAXED,ai
C:\Users\HP\OneDrive\Desktop\catalyze v.2\data\raw\crawford\images\00000158_028.jpg,RELAXED,ai
C:\Users\HP\OneDrive\Desktop\catalyze v.2\data\raw\crawford\images\00000135_027.jpg,ALERT,ai
C:\Users\HP\OneDrive\Desktop\catalyze v.2\data\raw\crawford\images\00000543_015.jpg,ALERT,ai
C:\Users\HP\OneDrive\Desktop\catalyze v.2\data\raw\crawford\images\00000151_001.jpg,RELAXED,ai
C:\Users\HP\OneDrive\Desktop\catalyze v.2\data\raw\crawford\images\00000073_001.jpg,PLAYFUL,ai
C:\Users\HP\OneDrive\Desktop\catalyze v.2\data\raw\crawford\images\00000840_017.jpg,RELAXED,ai
C:\Users\HP\OneDrive\Desktop\catalyze v.2\data\raw\crawford\images\00000158_019.jpg,ALERT,ai
C:\Users\HP\OneDrive\Desktop\catalyze v.2\data\raw\crawford\images\00001265_007.jpg,ALERT,ai
C:\Users\HP\OneDrive\Desktop\catalyze v.2\data\raw\crawford\images\00000561_023.jpg,ALERT,ai
C:\Users\HP\OneDrive\Desktop\catalyze v.2\data\raw\crawford\images\00000640_019.jpg,PLAYFUL,ai
C:\Users\HP\OneDrive\Desktop\catalyze v.2\data\raw\crawford\images\00001198_003.jpg,PLAYFUL,ai
C:\Users\HP\OneDrive\Desktop\catalyze v.2\data\raw\crawford\images\00000517_019.jpg,ALERT,ai
C:\Users\HP\OneDrive\Desktop\catalyze v.2\data\raw\crawford\images\00001330_012.jpg,RELAXED,ai
C:\Users\HP\OneDrive\Desktop\catalyze v.2\data\raw\crawford\images\00000282_007.jpg,RELAXED,ai
C:\Users\HP\OneDrive\Desktop\catalyze v.2\data\raw\crawford\images\00001411_000.jpg,RELAXED,ai
C:\Users\HP\OneDrive\Desktop\catalyze v.2\data\raw\crawford\images\00001422_017.jpg,PLAYFUL,ai
C:\Users\HP\OneDrive\Desktop\catalyze v.2\data\raw\crawford\images\00001168_015.jpg,RELAXED,ai
C:\Users\HP\OneDrive\Desktop\catalyze v.2\data\raw\crawford\images\00000571_011.jpg,RELAXED,ai
C:\Users\HP\OneDrive\Desktop\catalyze v.2\data\raw\crawford\images\00001168_024.jpg,PLAYFUL,ai
C:\Users\HP\OneDrive\Desktop\catalyze v.2\data\raw\crawford\images\00001014_025.jpg,RELAXED,ai
C:\Users\HP\OneDrive\Desktop\catalyze v.2\data\raw\crawford\images\00000428_013.jpg,ANXIOUS,ai
C:\Users\HP\OneDrive\Desktop\catalyze v.2\data\raw\crawford\images\00000202_019.jpg,ANXIOUS,ai
C:\Users\HP\OneDrive\Desktop\catalyze v.2\data\raw\crawford\images\00000209_014.jpg,ALERT,ai
C:\Users\HP\OneDrive\Desktop\catalyze v.2\data\raw\crawford\images\00001069_015.jpg,RELAXED,ai
C:\Users\HP\OneDrive\Desktop\catalyze v.2\data\raw\crawford\images\00000888_015.jpg,RELAXED,ai
C:\Users\HP\OneDrive\Desktop\catalyze v.2\data\raw\crawford\images\00001054_002.jpg,RELAXED,ai
C:\Users\HP\OneDrive\Desktop\catalyze v.2\data\raw\crawford\images\00001023_020.jpg,ANXIOUS,ai
C:\Users\HP\OneDrive\Desktop\catalyze v.2\data\raw\crawford\images\00001154_021.jpg,RELAXED,ai
C:\Users\HP\OneDrive\Desktop\catalyze v.2\data\raw\crawford\images\00000127_019.jpg,RELAXED,ai
C:\Users\HP\OneDrive\Desktop\catalyze v.2\data\raw\crawford\images\00000211_028.jpg,PLAYFUL,ai
C:\Users\HP\OneDrive\Desktop\catalyze v.2\data\raw\crawford\images\00000138_009.jpg,RELAXED,ai
C:\Users\HP\OneDrive\Desktop\catalyze v.2\data\raw\crawford\images\00001005_001.jpg,RELAXED,ai
C:\Users\HP\OneDrive\Desktop\catalyze v.2\data\raw\crawford\images\00000858_028.jpg,ANXIOUS,ai
C:\Users\HP\OneDrive\Desktop\catalyze v.2\data\raw\crawford\images\00000234_009.jpg,RELAXED,ai
C:\Users\HP\OneDrive\Desktop\catalyze v.2\data\raw\crawford\images\00000582_006.jpg,RELAXED,ai
C:\Users\HP\OneDrive\Desktop\catalyze v.2\data\raw\crawford\images\00000431_001.jpg,RELAXED,ai
C:\Users\HP\OneDrive\Desktop\catalyze v.2\data\raw\crawford\images\00000427_027.jpg,ALERT,ai
C:\Users\HP\OneDrive\Desktop\catalyze v.2\data\raw\crawford\images\00001322_020.jpg,ALERT,ai
C:\Users\HP\OneDrive\Desktop\catalyze v.2\data\raw\crawford\images\00001108_024.jpg,ANXIOUS,ai
C:\Users\HP\OneDrive\Desktop\catalyze v.2\data\raw\crawford\images\00000300_020.jpg,ALERT,ai
C:\Users\HP\OneDrive\Desktop\catalyze v.2\data\raw\crawford\images\00000408_008.jpg,ALERT,ai
C:\Users\HP\OneDrive\Desktop\catalyze v.2\data\raw\crawford\images\00000640_020.jpg,ALERT,ai
C:\Users\HP\OneDrive\Desktop\catalyze v.2\data\raw\crawford\images\00001143_026.jpg,RELAXED,ai
C:\Users\HP\OneDrive\Desktop\catalyze v.2\data\raw\crawford\images\00000584_002.jpg,ALERT,ai
C:\Users\HP\OneDrive\Desktop\catalyze v.2\data\raw\crawford\images\00000167_002.jpg,RELAXED,ai
C:\Users\HP\OneDrive\Desktop\catalyze v.2\data\raw\crawford\images\00001097_001.jpg,RELAXED,ai
C:\Users\HP\OneDrive\Desktop\catalyze v.2\data\raw\crawford\images\00001361_026.jpg,ALERT,ai
C:\Users\HP\OneDrive\Desktop\catalyze v.2\data\raw\crawford\images\00000211_015.jpg,RELAXED,ai
C:\Users\HP\OneDrive\Desktop\catalyze v.2\data\raw\crawford\images\00000119_015.jpg,PLAYFUL,ai
C:\Users\HP\OneDrive\Desktop\catalyze v.2\data\raw\crawford\images\00001333_028.jpg,RELAXED,ai
C:\Users\HP\OneDrive\Desktop\catalyze v.2\data\raw\crawford\images\00000031_019.jpg,PLAYFUL,ai
C:\Users\HP\OneDrive\Desktop\catalyze v.2\data\raw\crawford\images\00000200_018.jpg,RELAXED,ai
C:\Users\HP\OneDrive\Desktop\catalyze v.2\data\raw\crawford\images\00000558_015.jpg,ALERT,ai
C:\Users\HP\OneDrive\Desktop\catalyze v.2\data\raw\crawford\images\00000365_017.jpg,ALERT,ai
C:\Users\HP\OneDrive\Desktop\catalyze v.2\data\raw\crawford\images\00001012_012.jpg,ALERT,ai
C:\Users\HP\OneDrive\Desktop\catalyze v.2\data\raw\crawford\images\00001198_013.jpg,RELAXED,ai
C:\Users\HP\OneDrive\Desktop\catalyze v.2\data\raw\crawford\images\00001188_027.jpg,RELAXED,ai
C:\Users\HP\OneDrive\Desktop\catalyze v.2\data\raw\crawford\images\00000517_004.jpg,ALERT,ai
C:\Users\HP\OneDrive\Desktop\catalyze v.2\data\raw\crawford\images\00001001_013.jpg,ALERT,ai
C:\Users\HP\OneDrive\Desktop\catalyze v.2\data\raw\crawford\images\00000135_013.jpg,ALERT,ai
C:\Users\HP\OneDrive\Desktop\catalyze v.2\data\raw\crawford\images\00000361_021.jpg,RELAXED,ai
C:\Users\HP\OneDrive\Desktop\catalyze v.2\data\raw\crawford\images\00000947_004.jpg,ALERT,ai
C:\Users\HP\OneDrive\Desktop\catalyze v.2\data\raw\crawford\images\00000005_022.jpg,RELAXED,ai
C:\Users\HP\OneDrive\Desktop\catalyze v.2\data\raw\crawford\images\00000974_020.jpg,RELAXED,ai
C:\Users\HP\OneDrive\Desktop\catalyze v.2\data\raw\crawford\images\00000614_025.jpg,ALERT,ai
C:\Users\HP\OneDrive\Desktop\catalyze v.2\data\raw\crawford\images\00001125_009.jpg,ALERT,ai
C:\Users\HP\OneDrive\Desktop\catalyze v.2\data\raw\crawford\images\00000651_016.jpg,RELAXED,ai
C:\Users\HP\OneDrive\Desktop\catalyze v.2\data\raw\crawford\images\00001053_008.jpg,ANXIOUS,ai
C:\Users\HP\OneDrive\Desktop\catalyze v.2\data\raw\crawford\images\00001376_007.jpg,PLAYFUL,ai
C:\Users\HP\OneDrive\Desktop\catalyze v.2\data\raw\crawford\images\00001200_019.jpg,ANXIOUS,ai
C:\Users\HP\OneDrive\Desktop\catalyze v.2\data\raw\crawford\images\00000338_009.jpg,RELAXED,ai
C:\Users\HP\OneDrive\Desktop\catalyze v.2\data\raw\crawford\images\00000426_029.jpg,RELAXED,ai
C:\Users\HP\OneDrive\Desktop\catalyze v.2\data\raw\crawford\images\00000673_026.jpg,RELAXED,ai
C:\Users\HP\OneDrive\Desktop\catalyze v.2\data\raw\crawford\images\00000523_018.jpg,ALERT,ai
C:\Users\HP\OneDrive\Desktop\catalyze v.2\data\raw\crawford\images\00000135_005.jpg,PLAYFUL,ai
C:\Users\HP\OneDrive\Desktop\catalyze v.2\data\raw\crawford\images\00001430_003.jpg,ANXIOUS,ai
C:\Users\HP\OneDrive\Desktop\catalyze v.2\data\raw\crawford\images\00001339_022.jpg,RELAXED,ai
C:\Users\HP\OneDrive\Desktop\catalyze v.2\data\raw\crawford\images\00000139_003.jpg,ANXIOUS,ai
C:\Users\HP\OneDrive\Desktop\catalyze v.2\data\raw\crawford\images\00000806_021.jpg,ALERT,ai
C:\Users\HP\OneDrive\Desktop\catalyze v.2\data\raw\crawford\images\00000132_028.jpg,ANXIOUS,ai
C:\Users\HP\OneDrive\Desktop\catalyze v.2\data\raw\crawford\images\00000118_022.jpg,RELAXED,ai
C:\Users\HP\OneDrive\Desktop\catalyze v.2\data\raw\crawford\images\00001441_003.jpg,ALERT,ai
C:\Users\HP\OneDrive\Desktop\catalyze v.2\data\raw\crawford\images\00001177_003.jpg,RELAXED,ai
C:\Users\HP\OneDrive\Desktop\catalyze v.2\data\raw\crawford\images\00001236_015.jpg,RELAXED,ai
C:\Users\HP\OneDrive\Desktop\catalyze v.2\data\raw\crawford\images\00001310_004.jpg,ALERT,ai
C:\Users\HP\OneDrive\Desktop\catalyze v.2\data\raw\crawford\images\00000344_020.jpg,ALERT,ai
C:\Users\HP\OneDrive\Desktop\catalyze v.2\data\raw\crawford\images\00000132_018.jpg,ALERT,ai
C:\Users\HP\OneDrive\Desktop\catalyze v.2\data\raw\crawford\images\00001248_014.jpg,RELAXED,ai
C:\Users\HP\OneDrive\Desktop\catalyze v.2\data\raw\crawford\images\00000176_006.jpg,RELAXED,ai
C:\Users\HP\OneDrive\Desktop\catalyze v.2\data\raw\crawford\images\00000415_009.jpg,RELAXED,ai
C:\Users\HP\OneDrive\Desktop\catalyze v.2\data\raw\crawford\images\00000152_019.jpg,ALERT,ai
C:\Users\HP\OneDrive\Desktop\catalyze v.2\data\raw\crawford\images\00001467_004.jpg,RELAXED,ai
C:\Users\HP\OneDrive\Desktop\catalyze v.2\data\raw\crawford\images\00000151_022.jpg,ALERT,ai
C:\Users\HP\OneDrive\Desktop\catalyze v.2\data\raw\crawford\images\00000556_026.jpg,ALERT,ai
C:\Users\HP\OneDrive\Desktop\catalyze v.2\data\raw\crawford\images\00001007_017.jpg,RELAXED,ai
C:\Users\HP\OneDrive\Desktop\catalyze v.2\data\raw\crawford\images\00000255_007.jpg,ALERT,ai
C:\Users\HP\OneDrive\Desktop\catalyze v.2\data\raw\crawford\images\00001409_015.jpg,RELAXED,ai
C:\Users\HP\OneDrive\Desktop\catalyze v.2\data\raw\crawford\images\00000577_012.jpg,ALERT,ai
C:\Users\HP\OneDrive\Desktop\catalyze v.2\data\raw\crawford\images\00001429_017.jpg,ALERT,ai
C:\Users\HP\OneDrive\Desktop\catalyze v.2\data\raw\crawford\images\00001465_009.jpg,ANXIOUS,ai
C:\Users\HP\OneDrive\Desktop\catalyze v.2\data\raw\crawford\images\00000097_020.jpg,ALERT,ai
C:\Users\HP\OneDrive\Desktop\catalyze v.2\data\raw\crawford\images\00000179_029.jpg,ALERT,ai
C:\Users\HP\OneDrive\Desktop\catalyze v.2\data\raw\crawford\images\00001045_008.jpg,ALERT,ai
C:\Users\HP\OneDrive\Desktop\catalyze v.2\data\raw\crawford\images\00001439_024.jpg,RELAXED,ai
C:\Users\HP\OneDrive\Desktop\catalyze v.2\data\raw\crawford\images\00001398_017.jpg,ALERT,ai
C:\Users\HP\OneDrive\Desktop\catalyze v.2\data\raw\crawford\images\00001285_016.jpg,RELAXED,ai
C:\Users\HP\OneDrive\Desktop\catalyze v.2\data\raw\crawford\images\00000812_020.jpg,PLAYFUL,ai
C:\Users\HP\OneDrive\Desktop\catalyze v.2\data\raw\crawford\images\00000607_001.jpg,RELAXED,ai
C:\Users\HP\OneDrive\Desktop\catalyze v.2\data\raw\crawford\images\00000502_015.jpg,ALERT,ai
C:\Users\HP\OneDrive\Desktop\catalyze v.2\data\raw\crawford\images\00000807_009.jpg,ALERT,ai
C:\Users\HP\OneDrive\Desktop\catalyze v.2\data\raw\crawford\images\00000562_023.jpg,RELAXED,ai
C:\Users\HP\OneDrive\Desktop\catalyze v.2\data\raw\crawford\images\00000615_018.jpg,ANXIOUS,ai
C:\Users\HP\OneDrive\Desktop\catalyze v.2\data\raw\crawford\images\00000988_009.jpg,RELAXED,ai
C:\Users\HP\OneDrive\Desktop\catalyze v.2\data\raw\crawford\images\00000279_017.jpg,RELAXED,ai
C:\Users\HP\OneDrive\Desktop\catalyze v.2\data\raw\crawford\images\00000679_000.jpg,ALERT,ai
C:\Users\HP\OneDrive\Desktop\catalyze v.2\data\raw\crawford\images\00001130_017.jpg,RELAXED,ai
C:\Users\HP\OneDrive\Desktop\catalyze v.2\data\raw\crawford\images\00000812_009.jpg,ALERT,ai
C:\Users\HP\OneDrive\Desktop\catalyze v.2\data\raw\crawford\images\00000161_024.jpg,RELAXED,ai
C:\Users\HP\OneDrive\Desktop\catalyze v.2\data\raw\crawford\images\00000019_024.jpg,RELAXED,ai
C:\Users\HP\OneDrive\Desktop\catalyze v.2\data\raw\crawford\images\00001133_014.jpg,RELAXED,ai
C:\Users\HP\OneDrive\Desktop\catalyze v.2\data\raw\crawford\images\00001393_027.jpg,ALERT,ai
C:\Users\HP\OneDrive\Desktop\catalyze v.2\data\raw\crawford\images\00000215_004.jpg,ALERT,ai
C:\Users\HP\OneDrive\Desktop\catalyze v.2\data\raw\crawford\images\00000163_019.jpg,PLAYFUL,ai
C:\Users\HP\OneDrive\Desktop\catalyze v.2\data\raw\crawford\images\00001325_023.jpg,ALERT,ai
C:\Users\HP\OneDrive\Desktop\catalyze v.2\data\raw\crawford\images\00000516_000.jpg,RELAXED,ai
C:\Users\HP\OneDrive\Desktop\catalyze v.2\data\raw\crawford\images\00001244_008.jpg,RELAXED,ai
C:\Users\HP\OneDrive\Desktop\catalyze v.2\data\raw\crawford\images\00000282_014.jpg,RELAXED,ai
C:\Users\HP\OneDrive\Desktop\catalyze v.2\data\raw\crawford\images\00000877_016.jpg,ANXIOUS,ai
C:\Users\HP\OneDrive\Desktop\catalyze v.2\data\raw\crawford\images\00000153_023.jpg,ALERT,ai
C:\Users\HP\OneDrive\Desktop\catalyze v.2\data\raw\crawford\images\00000573_023.jpg,ALERT,ai
C:\Users\HP\OneDrive\Desktop\catalyze v.2\data\raw\crawford\images\00000925_020.jpg,RELAXED,ai
C:\Users\HP\OneDrive\Desktop\catalyze v.2\data\raw\crawford\images\00000651_000.jpg,ALERT,ai
C:\Users\HP\OneDrive\Desktop\catalyze v.2\data\raw\crawford\images\00000345_014.jpg,RELAXED,ai
C:\Users\HP\OneDrive\Desktop\catalyze v.2\data\raw\crawford\images\00001085_005.jpg,RELAXED,ai
C:\Users\HP\OneDrive\Desktop\catalyze v.2\data\raw\crawford\images\00001342_024.jpg,ALERT,ai
C:\Users\HP\OneDrive\Desktop\catalyze v.2\data\raw\crawford\images\00000684_001.jpg,RELAXED,ai
C:\Users\HP\OneDrive\Desktop\catalyze v.2\data\raw\crawford\images\00001303_008.jpg,RELAXED,ai
C:\Users\HP\OneDrive\Desktop\catalyze v.2\data\raw\crawford\images\00000016_019.jpg,ALERT,ai
C:\Users\HP\OneDrive\Desktop\catalyze v.2\data\raw\crawford\images\00001374_005.jpg,ANXIOUS,ai
C:\Users\HP\OneDrive\Desktop\catalyze v.2\data\raw\crawford\images\00000677_024.jpg,ALERT,ai
C:\Users\HP\OneDrive\Desktop\catalyze v.2\data\raw\crawford\images\00000221_024.jpg,ALERT,ai
C:\Users\HP\OneDrive\Desktop\catalyze v.2\data\raw\crawford\images\00000287_011.jpg,ALERT,ai
C:\Users\HP\OneDrive\Desktop\catalyze v.2\data\raw\crawford\images\00000245_023.jpg,PLAYFUL,ai
C:\Users\HP\OneDrive\Desktop\catalyze v.2\data\raw\crawford\images\00000229_015.jpg,ANXIOUS,ai
C:\Users\HP\OneDrive\Desktop\catalyze v.2\data\raw\crawford\images\00000340_013.jpg,ALERT,ai
C:\Users\HP\OneDrive\Desktop\catalyze v.2\data\raw\crawford\images\00000629_017.jpg,RELAXED,ai
C:\Users\HP\OneDrive\Desktop\catalyze v.2\data\raw\crawford\images\00000646_008.jpg,PLAYFUL,ai
C:\Users\HP\OneDrive\Desktop\catalyze v.2\data\raw\crawford\images\00001488_021.jpg,PLAYFUL,ai
C:\Users\HP\OneDrive\Desktop\catalyze v.2\data\raw\crawford\images\00000511_010.jpg,ALERT,ai
C:\Users\HP\OneDrive\Desktop\catalyze v.2\data\raw\crawford\images\00000865_013.jpg,ALERT,ai
C:\Users\HP\OneDrive\Desktop\catalyze v.2\data\raw\crawford\images\00000501_009.jpg,ANXIOUS,ai
C:\Users\HP\OneDrive\Desktop\catalyze v.2\data\raw\crawford\images\00000612_016.jpg,RELAXED,ai
C:\Users\HP\OneDrive\Desktop\catalyze v.2\data\raw\crawford\images\00001242_021.jpg,ALERT,ai
C:\Users\HP\OneDrive\Desktop\catalyze v.2\data\raw\crawford\images\00001203_027.jpg,ALERT,ai
C:\Users\HP\OneDrive\Desktop\catalyze v.2\data\raw\crawford\images\00000586_019.jpg,PLAYFUL,ai
C:\Users\HP\OneDrive\Desktop\catalyze v.2\data\raw\crawford\images\00000120_009.jpg,ALERT,ai
C:\Users\HP\OneDrive\Desktop\catalyze v.2\data\raw\crawford\images\00000198_028.jpg,ALERT,ai
C:\Users\HP\OneDrive\Desktop\catalyze v.2\data\raw\crawford\images\00000636_013.jpg,ALERT,ai
C:\Users\HP\OneDrive\Desktop\catalyze v.2\data\raw\crawford\images\00000105_029.jpg,ALERT,ai
C:\Users\HP\OneDrive\Desktop\catalyze v.2\data\raw\crawford\images\00000007_022.jpg,ALERT,ai
C:\Users\HP\OneDrive\Desktop\catalyze v.2\data\raw\crawford\images\00000845_014.jpg,RELAXED,ai
C:\Users\HP\OneDrive\Desktop\catalyze v.2\data\raw\crawford\images\00000279_013.jpg,ALERT,ai
C:\Users\HP\OneDrive\Desktop\catalyze v.2\data\raw\crawford\images\00000608_023.jpg,PLAYFUL,ai
C:\Users\HP\OneDrive\Desktop\catalyze v.2\data\raw\crawford\images\00000354_013.jpg,RELAXED,ai
C:\Users\HP\OneDrive\Desktop\catalyze v.2\data\raw\crawford\images\00001093_029.jpg,RELAXED,ai
C:\Users\HP\OneDrive\Desktop\catalyze v.2\data\raw\crawford\images\00001365_028.jpg,ALERT,ai
C:\Users\HP\OneDrive\Desktop\catalyze v.2\data\raw\crawford\images\00001062_005.jpg,ALERT,ai
C:\Users\HP\OneDrive\Desktop\catalyze v.2\data\raw\crawford\images\00001389_023.jpg,RELAXED,ai
C:\Users\HP\OneDrive\Desktop\catalyze v.2\data\raw\crawford\images\00000020_004.jpg,ALERT,ai
C:\Users\HP\OneDrive\Desktop\catalyze v.2\data\raw\crawford\images\00000166_026.jpg,RELAXED,ai
C:\Users\HP\OneDrive\Desktop\catalyze v.2\data\raw\crawford\images\00000323_025.jpg,RELAXED,ai
C:\Users\HP\OneDrive\Desktop\catalyze v.2\data\raw\crawford\images\00001348_019.jpg,ALERT,ai
C:\Users\HP\OneDrive\Desktop\catalyze v.2\data\raw\crawford\images\00000085_020.jpg,RELAXED,ai
C:\Users\HP\OneDrive\Desktop\catalyze v.2\data\raw\crawford\images\00000925_006.jpg,ALERT,ai
C:\Users\HP\OneDrive\Desktop\catalyze v.2\data\raw\crawford\images\00001437_001.jpg,ALERT,ai
C:\Users\HP\OneDrive\Desktop\catalyze v.2\data\raw\crawford\images\00001368_005.jpg,RELAXED,ai
C:\Users\HP\OneDrive\Desktop\catalyze v.2\data\raw\crawford\images\00000321_025.jpg,PLAYFUL,ai
C:\Users\HP\OneDrive\Desktop\catalyze v.2\data\raw\crawford\images\00001066_008.jpg,ALERT,ai
C:\Users\HP\OneDrive\Desktop\catalyze v.2\data\raw\crawford\images\00000271_027.jpg,ALERT,ai
C:\Users\HP\OneDrive\Desktop\catalyze v.2\data\raw\crawford\images\00000101_005.jpg,RELAXED,ai
C:\Users\HP\OneDrive\Desktop\catalyze v.2\data\raw\crawford\images\00000696_002.jpg,RELAXED,ai
C:\Users\HP\OneDrive\Desktop\catalyze v.2\data\raw\crawford\images\00000911_015.jpg,ANXIOUS,ai
C:\Users\HP\OneDrive\Desktop\catalyze v.2\data\raw\crawford\images\00000097_026.jpg,RELAXED,ai
C:\Users\HP\OneDrive\Desktop\catalyze v.2\data\raw\crawford\images\00000895_012.jpg,RELAXED,ai
C:\Users\HP\OneDrive\Desktop\catalyze v.2\data\raw\crawford\images\00000509_029.jpg,ALERT,ai
C:\Users\HP\OneDrive\Desktop\catalyze v.2\data\raw\crawford\images\00000583_015.jpg,PLAYFUL,ai
C:\Users\HP\OneDrive\Desktop\catalyze v.2\data\raw\crawford\images\00000220_003.jpg,ALERT,ai
C:\Users\HP\OneDrive\Desktop\catalyze v.2\data\raw\crawford\images\00000887_009.jpg,ALERT,ai
C:\Users\HP\OneDrive\Desktop\catalyze v.2\data\raw\crawford\images\00001387_010.jpg,ALERT,ai
C:\Users\HP\OneDrive\Desktop\catalyze v.2\data\raw\crawford\images\00000337_018.jpg,ALERT,ai
C:\Users\HP\OneDrive\Desktop\catalyze v.2\data\raw\crawford\images\00000559_004.jpg,ANXIOUS,ai
C:\Users\HP\OneDrive\Desktop\catalyze v.2\data\raw\crawford\images\00000356_006.jpg,RELAXED,ai
C:\Users\HP\OneDrive\Desktop\catalyze v.2\data\raw\crawford\images\00000391_024.jpg,ALERT,ai
C:\Users\HP\OneDrive\Desktop\catalyze v.2\data\raw\crawford\images\00001026_005.jpg,ALERT,ai
C:\Users\HP\OneDrive\Desktop\catalyze v.2\data\raw\crawford\images\00000058_024.jpg,ALERT,ai
C:\Users\HP\OneDrive\Desktop\catalyze v.2\data\raw\crawford\images\00000398_007.jpg,RELAXED,ai
C:\Users\HP\OneDrive\Desktop\catalyze v.2\data\raw\crawford\images\00000843_014.jpg,ANXIOUS,ai
C:\Users\HP\OneDrive\Desktop\catalyze v.2\data\raw\crawford\images\00001025_007.jpg,RELAXED,ai
C:\Users\HP\OneDrive\Desktop\catalyze v.2\data\raw\crawford\images\00000581_008.jpg,ALERT,ai
C:\Users\HP\OneDrive\Desktop\catalyze v.2\data\raw\crawford\images\00000349_008.jpg,ALERT,ai
C:\Users\HP\OneDrive\Desktop\catalyze v.2\data\raw\crawford\images\00000232_010.jpg,ALERT,ai
C:\Users\HP\OneDrive\Desktop\catalyze v.2\data\raw\crawford\images\00000954_024.jpg,ALERT,ai
C:\Users\HP\OneDrive\Desktop\catalyze v.2\data\raw\crawford\images\00000093_019.jpg,ALERT,ai
C:\Users\HP\OneDrive\Desktop\catalyze v.2\data\raw\crawford\images\00001163_027.jpg,RELAXED,ai
C:\Users\HP\OneDrive\Desktop\catalyze v.2\data\raw\crawford\images\00000531_022.jpg,RELAXED,ai
C:\Users\HP\OneDrive\Desktop\catalyze v.2\data\raw\crawford\images\00000449_015.jpg,PLAYFUL,ai
C:\Users\HP\OneDrive\Desktop\catalyze v.2\data\raw\crawford\images\00001138_026.jpg,ALERT,ai
C:\Users\HP\OneDrive\Desktop\catalyze v.2\data\raw\crawford\images\00000878_019.jpg,ALERT,ai
C:\Users\HP\OneDrive\Desktop\catalyze v.2\data\raw\crawford\images\00000689_005.jpg,ALERT,ai
C:\Users\HP\OneDrive\Desktop\catalyze v.2\data\raw\crawford\images\00000541_005.jpg,RELAXED,ai
C:\Users\HP\OneDrive\Desktop\catalyze v.2\data\raw\crawford\images\00000533_002.jpg,RELAXED,ai
C:\Users\HP\OneDrive\Desktop\catalyze v.2\data\raw\crawford\images\00000055_006.jpg,ALERT,ai
C:\Users\HP\OneDrive\Desktop\catalyze v.2\data\raw\crawford\images\00000434_019.jpg,RELAXED,ai
C:\Users\HP\OneDrive\Desktop\catalyze v.2\data\raw\crawford\images\00000995_018.jpg,ANXIOUS,ai
C:\Users\HP\OneDrive\Desktop\catalyze v.2\data\raw\crawford\images\00000836_004.jpg,PLAYFUL,ai
C:\Users\HP\OneDrive\Desktop\catalyze v.2\data\raw\crawford\images\00000640_021.jpg,ALERT,ai
C:\Users\HP\OneDrive\Desktop\catalyze v.2\data\raw\crawford\images\00000154_025.jpg,ALERT,ai
C:\Users\HP\OneDrive\Desktop\catalyze v.2\data\raw\crawford\images\00000641_029.jpg,ALERT,ai
C:\Users\HP\OneDrive\Desktop\catalyze v.2\data\raw\crawford\images\00000881_021.jpg,RELAXED,ai
C:\Users\HP\OneDrive\Desktop\catalyze v.2\data\raw\crawford\images\00001252_021.jpg,ALERT,ai
C:\Users\HP\OneDrive\Desktop\catalyze v.2\data\raw\crawford\images\00000998_009.jpg,ANXIOUS,ai
C:\Users\HP\OneDrive\Desktop\catalyze v.2\data\raw\crawford\images\00000841_012.jpg,RELAXED,ai
C:\Users\HP\OneDrive\Desktop\catalyze v.2\data\raw\crawford\images\00000063_015.jpg,ALERT,ai
C:\Users\HP\OneDrive\Desktop\catalyze v.2\data\raw\crawford\images\00000245_020.jpg,ALERT,ai
C:\Users\HP\OneDrive\Desktop\catalyze v.2\data\raw\crawford\images\00000607_021.jpg,ALERT,ai
C:\Users\HP\OneDrive\Desktop\catalyze v.2\data\raw\crawford\images\00000395_007.jpg,ALERT,ai
C:\Users\HP\OneDrive\Desktop\catalyze v.2\data\raw\crawford\images\00001433_012.jpg,ALERT,ai
C:\Users\HP\OneDrive\Desktop\catalyze v.2\data\raw\crawford\images\00000615_012.jpg,PLAYFUL,ai
C:\Users\HP\OneDrive\Desktop\catalyze v.2\data\raw\crawford\images\00000092_020.jpg,RELAXED,ai
C:\Users\HP\OneDrive\Desktop\catalyze v.2\data\raw\crawford\images\00000232_020.jpg,ALERT,ai
C:\Users\HP\OneDrive\Desktop\catalyze v.2\data\raw\crawford\images\00001470_005.jpg,ALERT,ai
C:\Users\HP\OneDrive\Desktop\catalyze v.2\data\raw\crawford\images\00001076_000.jpg,RELAXED,ai
C:\Users\HP\OneDrive\Desktop\catalyze v.2\data\raw\crawford\images\00000870_023.jpg,ALERT,ai
C:\Users\HP\OneDrive\Desktop\catalyze v.2\data\raw\crawford\images\00000806_022.jpg,PLAYFUL,ai
C:\Users\HP\OneDrive\Desktop\catalyze v.2\data\raw\crawford\images\00001080_014.jpg,ALERT,ai
C:\Users\HP\OneDrive\Desktop\catalyze v.2\data\raw\crawford\images\00001491_012.jpg,ANXIOUS,ai
C:\Users\HP\OneDrive\Desktop\catalyze v.2\data\raw\crawford\images\00001258_007.jpg,RELAXED,ai
C:\Users\HP\OneDrive\Desktop\catalyze v.2\data\raw\crawford\images\00000246_003.jpg,ALERT,ai
C:\Users\HP\OneDrive\Desktop\catalyze v.2\data\raw\crawford\images\00000961_017.jpg,ALERT,ai
C:\Users\HP\OneDrive\Desktop\catalyze v.2\data\raw\crawford\images\00001423_024.jpg,RELAXED,ai
C:\Users\HP\OneDrive\Desktop\catalyze v.2\data\raw\crawford\images\00000427_012.jpg,ALERT,ai
C:\Users\HP\OneDrive\Desktop\catalyze v.2\data\raw\crawford\images\00000594_010.jpg,RELAXED,ai
C:\Users\HP\OneDrive\Desktop\catalyze v.2\data\raw\crawford\images\00000106_014.jpg,PLAYFUL,ai
C:\Users\HP\OneDrive\Desktop\catalyze v.2\data\raw\crawford\images\00001079_024.jpg,ANXIOUS,ai
C:\Users\HP\OneDrive\Desktop\catalyze v.2\data\raw\crawford\images\00000004_018.jpg,RELAXED,ai
C:\Users\HP\OneDrive\Desktop\catalyze v.2\data\raw\crawford\images\00001280_000.jpg,RELAXED,ai
C:\Users\HP\OneDrive\Desktop\catalyze v.2\data\raw\crawford\images\00001328_001.jpg,ALERT,ai
C:\Users\HP\OneDrive\Desktop\catalyze v.2\data\raw\crawford\images\00000443_029.jpg,ALERT,ai
C:\Users\HP\OneDrive\Desktop\catalyze v.2\data\raw\crawford\images\00000910_024.jpg,ALERT,ai
C:\Users\HP\OneDrive\Desktop\catalyze v.2\data\raw\crawford\images\00001069_020.jpg,RELAXED,ai
C:\Users\HP\OneDrive\Desktop\catalyze v.2\data\raw\crawford\images\00000156_007.jpg,ALERT,ai
C:\Users\HP\OneDrive\Desktop\catalyze v.2\data\raw\crawford\images\00000840_009.jpg,ALERT,ai
C:\Users\HP\OneDrive\Desktop\catalyze v.2\data\raw\crawford\images\00000807_002.jpg,ANXIOUS,ai
C:\Users\HP\OneDrive\Desktop\catalyze v.2\data\raw\crawford\images\00000264_026.jpg,ALERT,ai
C:\Users\HP\OneDrive\Desktop\catalyze v.2\data\raw\crawford\images\00000679_013.jpg,RELAXED,ai
C:\Users\HP\OneDrive\Desktop\catalyze v.2\data\raw\crawford\images\00001246_029.jpg,ALERT,ai
C:\Users\HP\OneDrive\Desktop\catalyze v.2\data\raw\crawford\images\00000698_016.jpg,RELAXED,ai
C:\Users\HP\OneDrive\Desktop\catalyze v.2\data\raw\crawford\images\00001018_002.jpg,ANXIOUS,ai
C:\Users\HP\OneDrive\Desktop\catalyze v.2\data\raw\crawford\images\00000832_011.jpg,ANXIOUS,ai
C:\Users\HP\OneDrive\Desktop\catalyze v.2\data\raw\crawford\images\00001004_022.jpg,ALERT,ai
C:\Users\HP\OneDrive\Desktop\catalyze v.2\data\raw\crawford\images\00000671_010.jpg,RELAXED,ai
C:\Users\HP\OneDrive\Desktop\catalyze v.2\data\raw\crawford\images\00001373_014.jpg,ANXIOUS,ai
C:\Users\HP\OneDrive\Desktop\catalyze v.2\data\raw\crawford\images\00000271_015.jpg,ALERT,ai
C:\Users\HP\OneDrive\Desktop\catalyze v.2\data\raw\crawford\images\00000431_012.jpg,ALERT,ai
C:\Users\HP\OneDrive\Desktop\catalyze v.2\data\raw\crawford\images\00001047_028.jpg,ALERT,ai
C:\Users\HP\OneDrive\Desktop\catalyze v.2\data\raw\crawford\images\00000947_010.jpg,PLAYFUL,ai
C:\Users\HP\OneDrive\Desktop\catalyze v.2\data\raw\crawford\images\00000384_006.jpg,RELAXED,ai
C:\Users\HP\OneDrive\Desktop\catalyze v.2\data\raw\crawford\images\00001407_002.jpg,RELAXED,ai
C:\Users\HP\OneDrive\Desktop\catalyze v.2\data\raw\crawford\images\00000680_018.jpg,ALERT,ai
C:\Users\HP\OneDrive\Desktop\catalyze v.2\data\raw\crawford\images\00001012_001.jpg,RELAXED,ai
C:\Users\HP\OneDrive\Desktop\catalyze v.2\data\raw\crawford\images\00001356_025.jpg,RELAXED,ai
C:\Users\HP\OneDrive\Desktop\catalyze v.2\data\raw\crawford\images\00000001_017.jpg,ANXIOUS,ai
C:\Users\HP\OneDrive\Desktop\catalyze v.2\data\raw\crawford\images\00000686_017.jpg,RELAXED,ai
C:\Users\HP\OneDrive\Desktop\catalyze v.2\data\raw\crawford\images\00000654_017.jpg,ALERT,ai
C:\Users\HP\OneDrive\Desktop\catalyze v.2\data\raw\crawford\images\00000510_010.jpg,PLAYFUL,ai
C:\Users\HP\OneDrive\Desktop\catalyze v.2\data\raw\crawford\images\00001066_018.jpg,PLAYFUL,ai
C:\Users\HP\OneDrive\Desktop\catalyze v.2\data\raw\crawford\images\00001432_011.jpg,ALERT,ai
C:\Users\HP\OneDrive\Desktop\catalyze v.2\data\raw\crawford\images\00001492_015.jpg,RELAXED,ai
C:\Users\HP\OneDrive\Desktop\catalyze v.2\data\raw\crawford\images\00000824_016.jpg,ANXIOUS,ai
C:\Users\HP\OneDrive\Desktop\catalyze v.2\data\raw\crawford\images\00001149_015.jpg,RELAXED,ai
C:\Users\HP\OneDrive\Desktop\catalyze v.2\data\raw\crawford\images\00001093_024.jpg,ALERT,ai
C:\Users\HP\OneDrive\Desktop\catalyze v.2\data\raw\crawford\images\00001095_003.jpg,ALERT,ai
C:\Users\HP\OneDrive\Desktop\catalyze v.2\data\raw\crawford\images\00000517_002.jpg,ALERT,ai
