image_path,predicted_idx,confidence,entropy,predicted_label,rank
/home/as/Desktop/catalyze v.2/data/raw/crawford/images/00000054_026.jpg,2,0.27782267332077026,1.3831757307052612,PLAYFUL,0
/home/as/Desktop/catalyze v.2/data/raw/crawford/images/00000593_007.jpg,3,0.29696980118751526,1.3731964826583862,RELAXED,1
/home/as/Desktop/catalyze v.2/data/raw/crawford/images/00001427_012.jpg,0,0.31407883763313293,1.3725981712341309,ALERT,2
/home/as/Desktop/catalyze v.2/data/raw/crawford/images/00000426_026.jpg,2,0.31391650438308716,1.367480993270874,PLAYFUL,3
/home/as/Desktop/catalyze v.2/data/raw/crawford/images/00000050_010.jpg,1,0.3427552580833435,1.3600130081176758,ANXIOUS,4
/home/as/Desktop/catalyze v.2/data/raw/crawford/images/00000857_023.jpg,2,0.31773844361305237,1.3490054607391357,PLAYFUL,5
/home/as/Desktop/catalyze v.2/data/raw/crawford/images/00001381_021.jpg,2,0.37007755041122437,1.3482028245925903,PLAYFUL,6
/home/as/Desktop/catalyze v.2/data/raw/crawford/images/00000825_021.jpg,1,0.34954753518104553,1.3478926420211792,ANXIOUS,7
/home/as/Desktop/catalyze v.2/data/raw/crawford/images/00000158_017.jpg,1,0.38146084547042847,1.3433504104614258,ANXIOUS,8
/home/as/Desktop/catalyze v.2/data/raw/crawford/images/00000686_018.jpg,1,0.337460458278656,1.3421941995620728,ANXIOUS,9
/home/as/Desktop/catalyze v.2/data/raw/crawford/images/00000523_028.jpg,0,0.3689260184764862,1.3419208526611328,ALERT,10
/home/as/Desktop/catalyze v.2/data/raw/crawford/images/00000558_008.jpg,1,0.38411059975624084,1.3400744199752808,ANXIOUS,11
/home/as/Desktop/catalyze v.2/data/raw/crawford/images/00000289_025.jpg,3,0.3387064039707184,1.33999764919281,RELAXED,12
/home/as/Desktop/catalyze v.2/data/raw/crawford/images/00001411_005.jpg,0,0.3579922914505005,1.330351710319519,ALERT,13
/home/as/Desktop/catalyze v.2/data/raw/crawford/images/00000048_001.jpg,3,0.3849950432777405,1.3300058841705322,RELAXED,14
/home/as/Desktop/catalyze v.2/data/raw/crawford/images/00001068_019.jpg,1,0.3812110424041748,1.3228176832199097,ANXIOUS,15
/home/as/Desktop/catalyze v.2/data/raw/crawford/images/00000963_019.jpg,0,0.37021881341934204,1.3184685707092285,ALERT,16
/home/as/Desktop/catalyze v.2/data/raw/crawford/images/00000317_019.jpg,3,0.3532252311706543,1.3148939609527588,RELAXED,17
/home/as/Desktop/catalyze v.2/data/raw/crawford/images/00000850_000.jpg,2,0.3776179254055023,1.3139640092849731,PLAYFUL,18
/home/as/Desktop/catalyze v.2/data/raw/crawford/images/00000944_000.jpg,3,0.4095381796360016,1.3053922653198242,RELAXED,19
/home/as/Desktop/catalyze v.2/data/raw/crawford/images/00000651_024.jpg,2,0.3626534938812256,1.3015166521072388,PLAYFUL,20
/home/as/Desktop/catalyze v.2/data/raw/crawford/images/00000234_007.jpg,3,0.40412813425064087,1.2975555658340454,RELAXED,21
/home/as/Desktop/catalyze v.2/data/raw/crawford/images/00000135_026.jpg,3,0.35562190413475037,1.2975449562072754,RELAXED,22
/home/as/Desktop/catalyze v.2/data/raw/crawford/images/00001160_027.jpg,2,0.3751906454563141,1.2952042818069458,PLAYFUL,23
/home/as/Desktop/catalyze v.2/data/raw/crawford/images/00000502_023.jpg,3,0.4317346513271332,1.2950515747070312,RELAXED,24
/home/as/Desktop/catalyze v.2/data/raw/crawford/images/00000121_028.jpg,3,0.3658895194530487,1.2934972047805786,RELAXED,25
/home/as/Desktop/catalyze v.2/data/raw/crawford/images/00000213_028.jpg,3,0.4453662633895874,1.2927236557006836,RELAXED,26
/home/as/Desktop/catalyze v.2/data/raw/crawford/images/00000297_024.jpg,1,0.43514537811279297,1.2873129844665527,ANXIOUS,27
/home/as/Desktop/catalyze v.2/data/raw/crawford/images/00000301_017.jpg,1,0.43514537811279297,1.2873129844665527,ANXIOUS,28
/home/as/Desktop/catalyze v.2/data/raw/crawford/images/00000955_011.jpg,3,0.44568726420402527,1.287266731262207,RELAXED,29
/home/as/Desktop/catalyze v.2/data/raw/crawford/images/00000347_029.jpg,2,0.451067715883255,1.286156415939331,PLAYFUL,30
/home/as/Desktop/catalyze v.2/data/raw/crawford/images/00001206_023.jpg,2,0.4396592974662781,1.2849774360656738,PLAYFUL,31
/home/as/Desktop/catalyze v.2/data/raw/crawford/images/00000037_003.jpg,3,0.4009827971458435,1.2837591171264648,RELAXED,32
/home/as/Desktop/catalyze v.2/data/raw/crawford/images/00000418_008.jpg,1,0.3403213918209076,1.280775547027588,ANXIOUS,33
/home/as/Desktop/catalyze v.2/data/raw/crawford/images/00000387_015.jpg,0,0.3499574065208435,1.2796599864959717,ALERT,34
/home/as/Desktop/catalyze v.2/data/raw/crawford/images/00000416_017.jpg,3,0.42296797037124634,1.2795971632003784,RELAXED,35
/home/as/Desktop/catalyze v.2/data/raw/crawford/images/00001447_021.jpg,0,0.4305182099342346,1.2786979675292969,ALERT,36
/home/as/Desktop/catalyze v.2/data/raw/crawford/images/00000173_011.jpg,0,0.41396376490592957,1.2783894538879395,ALERT,37
/home/as/Desktop/catalyze v.2/data/raw/crawford/images/00000228_004.jpg,3,0.46895459294319153,1.2703337669372559,RELAXED,38
/home/as/Desktop/catalyze v.2/data/raw/crawford/images/00000641_015.jpg,1,0.4184440076351166,1.2658183574676514,ANXIOUS,39
/home/as/Desktop/catalyze v.2/data/raw/crawford/images/00000072_022.jpg,3,0.43316394090652466,1.2643439769744873,RELAXED,40
/home/as/Desktop/catalyze v.2/data/raw/crawford/images/00000390_020.jpg,3,0.4682669937610626,1.2639718055725098,RELAXED,41
/home/as/Desktop/catalyze v.2/data/raw/crawford/images/00001268_014.jpg,1,0.43463894724845886,1.2628021240234375,ANXIOUS,42
/home/as/Desktop/catalyze v.2/data/raw/crawford/images/00000281_008.jpg,0,0.34984877705574036,1.2603867053985596,ALERT,43
/home/as/Desktop/catalyze v.2/data/raw/crawford/images/00000229_016.jpg,1,0.4224206209182739,1.2545936107635498,ANXIOUS,44
/home/as/Desktop/catalyze v.2/data/raw/crawford/images/00000218_000.jpg,3,0.4286598861217499,1.2530709505081177,RELAXED,45
/home/as/Desktop/catalyze v.2/data/raw/crawford/images/00000595_018.jpg,2,0.44442522525787354,1.2513298988342285,PLAYFUL,46
/home/as/Desktop/catalyze v.2/data/raw/crawford/images/00000560_024.jpg,0,0.4454329013824463,1.2463889122009277,ALERT,47
/home/as/Desktop/catalyze v.2/data/raw/crawford/images/00000652_029.jpg,0,0.3852059543132782,1.2420481443405151,ALERT,48
/home/as/Desktop/catalyze v.2/data/raw/crawford/images/00001187_023.jpg,1,0.47326093912124634,1.2317726612091064,ANXIOUS,49
/home/as/Desktop/catalyze v.2/data/raw/crawford/images/00000566_009.jpg,1,0.41072672605514526,1.2298420667648315,ANXIOUS,50
/home/as/Desktop/catalyze v.2/data/raw/crawford/images/00001442_023.jpg,1,0.45959725975990295,1.2274545431137085,ANXIOUS,51
/home/as/Desktop/catalyze v.2/data/raw/crawford/images/00000048_004.jpg,0,0.43706557154655457,1.226149082183838,ALERT,52
/home/as/Desktop/catalyze v.2/data/raw/crawford/images/00000349_015.jpg,0,0.40145501494407654,1.225830078125,ALERT,53
/home/as/Desktop/catalyze v.2/data/raw/crawford/images/00000263_002.jpg,1,0.4547814726829529,1.2255115509033203,ANXIOUS,54
/home/as/Desktop/catalyze v.2/data/raw/crawford/images/00000894_027.jpg,1,0.44848477840423584,1.224133849143982,ANXIOUS,55
/home/as/Desktop/catalyze v.2/data/raw/crawford/images/00000414_006.jpg,2,0.4204965829849243,1.2229883670806885,PLAYFUL,56
/home/as/Desktop/catalyze v.2/data/raw/crawford/images/00000249_007.jpg,3,0.4648405909538269,1.2209546566009521,RELAXED,57
/home/as/Desktop/catalyze v.2/data/raw/crawford/images/00001007_004.jpg,1,0.4735388457775116,1.2189987897872925,ANXIOUS,58
/home/as/Desktop/catalyze v.2/data/raw/crawford/images/00000822_026.jpg,3,0.4269399344921112,1.217957615852356,RELAXED,59
/home/as/Desktop/catalyze v.2/data/raw/crawford/images/00001076_022.jpg,1,0.46544328331947327,1.2145254611968994,ANXIOUS,60
/home/as/Desktop/catalyze v.2/data/raw/crawford/images/00000962_020.jpg,3,0.4636857807636261,1.2110395431518555,RELAXED,61
/home/as/Desktop/catalyze v.2/data/raw/crawford/images/00001336_019.jpg,0,0.38231799006462097,1.2074790000915527,ALERT,62
/home/as/Desktop/catalyze v.2/data/raw/crawford/images/00001073_021.jpg,2,0.4702518880367279,1.2026214599609375,PLAYFUL,63
/home/as/Desktop/catalyze v.2/data/raw/crawford/images/00000643_001.jpg,2,0.41334211826324463,1.2008256912231445,PLAYFUL,64
/home/as/Desktop/catalyze v.2/data/raw/crawford/images/00000107_009.jpg,2,0.430228054523468,1.197223424911499,PLAYFUL,65
/home/as/Desktop/catalyze v.2/data/raw/crawford/images/00001428_006.jpg,0,0.4637324810028076,1.193589687347412,ALERT,66
/home/as/Desktop/catalyze v.2/data/raw/crawford/images/00000201_012.jpg,1,0.46034058928489685,1.1910337209701538,ANXIOUS,67
/home/as/Desktop/catalyze v.2/data/raw/crawford/images/00001025_004.jpg,3,0.4258931279182434,1.1903653144836426,RELAXED,68
/home/as/Desktop/catalyze v.2/data/raw/crawford/images/00001190_008.jpg,3,0.516373336315155,1.1843935251235962,RELAXED,69
/home/as/Desktop/catalyze v.2/data/raw/crawford/images/00001011_022.jpg,1,0.4713909327983856,1.1837626695632935,ANXIOUS,70
/home/as/Desktop/catalyze v.2/data/raw/crawford/images/00001055_000.jpg,3,0.4505004286766052,1.1789166927337646,RELAXED,71
/home/as/Desktop/catalyze v.2/data/raw/crawford/images/00001028_023.jpg,1,0.5017188787460327,1.1782938241958618,ANXIOUS,72
/home/as/Desktop/catalyze v.2/data/raw/crawford/images/00001415_003.jpg,3,0.4305112063884735,1.176393985748291,RELAXED,73
/home/as/Desktop/catalyze v.2/data/raw/crawford/images/00000610_008.jpg,1,0.5099201798439026,1.1732714176177979,ANXIOUS,74
/home/as/Desktop/catalyze v.2/data/raw/crawford/images/00001273_027.jpg,0,0.4614337980747223,1.1731221675872803,ALERT,75
/home/as/Desktop/catalyze v.2/data/raw/crawford/images/00000670_012.jpg,0,0.5356510281562805,1.171584963798523,ALERT,76
/home/as/Desktop/catalyze v.2/data/raw/crawford/images/00000334_017.jpg,1,0.43883180618286133,1.1705701351165771,ANXIOUS,77
/home/as/Desktop/catalyze v.2/data/raw/crawford/images/00000637_005.jpg,0,0.5239286422729492,1.170536994934082,ALERT,78
/home/as/Desktop/catalyze v.2/data/raw/crawford/images/00000607_024.jpg,1,0.37187671661376953,1.1686484813690186,ANXIOUS,79
/home/as/Desktop/catalyze v.2/data/raw/crawford/images/00001091_024.jpg,2,0.41993263363838196,1.166865587234497,PLAYFUL,80
/home/as/Desktop/catalyze v.2/data/raw/crawford/images/00001432_010.jpg,2,0.5358474254608154,1.1664849519729614,PLAYFUL,81
/home/as/Desktop/catalyze v.2/data/raw/crawford/images/00000883_013.jpg,3,0.48258984088897705,1.1660269498825073,RELAXED,82
/home/as/Desktop/catalyze v.2/data/raw/crawford/images/00000959_001.jpg,2,0.4516366124153137,1.1650983095169067,PLAYFUL,83
/home/as/Desktop/catalyze v.2/data/raw/crawford/images/00000645_002.jpg,0,0.43665021657943726,1.1647162437438965,ALERT,84
/home/as/Desktop/catalyze v.2/data/raw/crawford/images/00000197_020.jpg,3,0.4080030620098114,1.1637089252471924,RELAXED,85
/home/as/Desktop/catalyze v.2/data/raw/crawford/images/00000129_017.jpg,3,0.4098822772502899,1.1625559329986572,RELAXED,86
/home/as/Desktop/catalyze v.2/data/raw/crawford/images/00001025_026.jpg,1,0.46859094500541687,1.1623420715332031,ANXIOUS,87
/home/as/Desktop/catalyze v.2/data/raw/crawford/images/00001154_012.jpg,2,0.5063994526863098,1.162100076675415,PLAYFUL,88
/home/as/Desktop/catalyze v.2/data/raw/crawford/images/00001486_008.jpg,0,0.3863004148006439,1.1618283987045288,ALERT,89
/home/as/Desktop/catalyze v.2/data/raw/crawford/images/00000078_023.jpg,0,0.5471023917198181,1.16175377368927,ALERT,90
/home/as/Desktop/catalyze v.2/data/raw/crawford/images/00000570_028.jpg,2,0.5448574423789978,1.1612305641174316,PLAYFUL,91
/home/as/Desktop/catalyze v.2/data/raw/crawford/images/00000603_026.jpg,3,0.5617315769195557,1.159543752670288,RELAXED,92
/home/as/Desktop/catalyze v.2/data/raw/crawford/images/00001304_026.jpg,3,0.559666633605957,1.1571941375732422,RELAXED,93
/home/as/Desktop/catalyze v.2/data/raw/crawford/images/00000815_019.jpg,0,0.42256197333335876,1.1561110019683838,ALERT,94
/home/as/Desktop/catalyze v.2/data/raw/crawford/images/00000601_010.jpg,2,0.4389212727546692,1.1556775569915771,PLAYFUL,95
/home/as/Desktop/catalyze v.2/data/raw/crawford/images/00001457_011.jpg,0,0.5083062052726746,1.1551569700241089,ALERT,96
/home/as/Desktop/catalyze v.2/data/raw/crawford/images/00000501_007.jpg,0,0.43417516350746155,1.15498948097229,ALERT,97
/home/as/Desktop/catalyze v.2/data/raw/crawford/images/00000375_025.jpg,2,0.4425961375236511,1.1546082496643066,PLAYFUL,98
/home/as/Desktop/catalyze v.2/data/raw/crawford/images/00000418_019.jpg,3,0.5132152438163757,1.1545671224594116,RELAXED,99
